File_name,ram_percent,ram,flash,Code,RO_data,RW_data,ZI_data
lto-llvm-d97ef7.o,97.969742%,50571,47096,43200,3697,199,50372
startup_at32f403a_407.o,1.983766%,1024,424,36,388,0,1024
mc_w.l,0.023247%,12,6381,6236,133,12,0
strtok.o,0.007749%,4,72,68,0,4,0
stdout.o,0.007749%,4,4,0,0,4,0
errno.o,0.007749%,4,12,8,0,4,0
